-- ============================================================
-- Oracle UAT Schema Completion Script
-- Creates all FP_* tables required by the sync service
-- and populates demo data for 6 companies (COMP-1 .. COMP-6)
-- Run against the FPUAT schema.
-- ============================================================

-- ============================================================
-- 1. FP_COMPANIES
-- ============================================================
CREATE TABLE FP_COMPANIES (
  COMPANY_CODE   VARCHAR2(30) PRIMARY KEY,
  COMPANY_NAME   VARCHAR2(200) NOT NULL,
  INDUSTRY_TYPE  VARCHAR2(50),
  CURRENCY_CODE  VARCHAR2(10)
);

INSERT INTO FP_COMPANIES (COMPANY_CODE, COMPANY_NAME, INDUSTRY_TYPE, CURRENCY_CODE) VALUES ('COMP-1', 'ASAA Food Industries Co.',   'food_manufacturing', 'EGP');
INSERT INTO FP_COMPANIES (COMPANY_CODE, COMPANY_NAME, INDUSTRY_TYPE, CURRENCY_CODE) VALUES ('COMP-2', 'Delta Beverages Corp.',       'food_manufacturing', 'EGP');
INSERT INTO FP_COMPANIES (COMPANY_CODE, COMPANY_NAME, INDUSTRY_TYPE, CURRENCY_CODE) VALUES ('COMP-3', 'Nile Valley Snacks Ltd.',    'food_manufacturing', 'EGP');
INSERT INTO FP_COMPANIES (COMPANY_CODE, COMPANY_NAME, INDUSTRY_TYPE, CURRENCY_CODE) VALUES ('COMP-4', 'Cairo Fresh Produce LLC',    'mixed',              'EGP');
INSERT INTO FP_COMPANIES (COMPANY_CODE, COMPANY_NAME, INDUSTRY_TYPE, CURRENCY_CODE) VALUES ('COMP-5', 'Alexandria Spice Mills Inc.', 'food_manufacturing', 'EGP');
INSERT INTO FP_COMPANIES (COMPANY_CODE, COMPANY_NAME, INDUSTRY_TYPE, CURRENCY_CODE) VALUES ('COMP-6', 'Sahara Dairy Products Co.',  'food_manufacturing', 'EGP');

-- ============================================================
-- 2. FP_ACCOUNTS
-- ============================================================
CREATE TABLE FP_ACCOUNTS (
  ACCOUNT_CODE  VARCHAR2(30) NOT NULL,
  ACCOUNT_NAME  VARCHAR2(200) NOT NULL,
  ACCOUNT_TYPE  VARCHAR2(30) NOT NULL,
  COMPANY_CODE  VARCHAR2(30) NOT NULL,
  CONSTRAINT PK_FP_ACCOUNTS PRIMARY KEY (ACCOUNT_CODE, COMPANY_CODE)
);

-- Revenue accounts
INSERT INTO FP_ACCOUNTS (ACCOUNT_CODE, ACCOUNT_NAME, ACCOUNT_TYPE, COMPANY_CODE) VALUES ('4000', 'Sales Revenue - Finished Goods', 'revenue', 'COMP-1');
INSERT INTO FP_ACCOUNTS (ACCOUNT_CODE, ACCOUNT_NAME, ACCOUNT_TYPE, COMPANY_CODE) VALUES ('4010', 'Sales Revenue - By Products',    'revenue', 'COMP-1');
INSERT INTO FP_ACCOUNTS (ACCOUNT_CODE, ACCOUNT_NAME, ACCOUNT_TYPE, COMPANY_CODE) VALUES ('4020', 'Export Sales Revenue',           'revenue', 'COMP-1');
INSERT INTO FP_ACCOUNTS (ACCOUNT_CODE, ACCOUNT_NAME, ACCOUNT_TYPE, COMPANY_CODE) VALUES ('4100', 'Sales Discounts',               'revenue', 'COMP-1');
-- Expense accounts
INSERT INTO FP_ACCOUNTS (ACCOUNT_CODE, ACCOUNT_NAME, ACCOUNT_TYPE, COMPANY_CODE) VALUES ('5000', 'Raw Materials Cost',       'expense', 'COMP-1');
INSERT INTO FP_ACCOUNTS (ACCOUNT_CODE, ACCOUNT_NAME, ACCOUNT_TYPE, COMPANY_CODE) VALUES ('5010', 'Packaging Materials Cost', 'expense', 'COMP-1');
INSERT INTO FP_ACCOUNTS (ACCOUNT_CODE, ACCOUNT_NAME, ACCOUNT_TYPE, COMPANY_CODE) VALUES ('5020', 'Direct Labor Cost',        'expense', 'COMP-1');
INSERT INTO FP_ACCOUNTS (ACCOUNT_CODE, ACCOUNT_NAME, ACCOUNT_TYPE, COMPANY_CODE) VALUES ('5030', 'Manufacturing Overhead',   'expense', 'COMP-1');
INSERT INTO FP_ACCOUNTS (ACCOUNT_CODE, ACCOUNT_NAME, ACCOUNT_TYPE, COMPANY_CODE) VALUES ('5040', 'Utilities - Factory',      'expense', 'COMP-1');
INSERT INTO FP_ACCOUNTS (ACCOUNT_CODE, ACCOUNT_NAME, ACCOUNT_TYPE, COMPANY_CODE) VALUES ('5050', 'Maintenance & Repairs',    'expense', 'COMP-1');
-- COGS accounts
INSERT INTO FP_ACCOUNTS (ACCOUNT_CODE, ACCOUNT_NAME, ACCOUNT_TYPE, COMPANY_CODE) VALUES ('6000', 'Cost of Goods Sold',       'cogs',    'COMP-1');
INSERT INTO FP_ACCOUNTS (ACCOUNT_CODE, ACCOUNT_NAME, ACCOUNT_TYPE, COMPANY_CODE) VALUES ('6010', 'COGS - Direct Materials',  'cogs',    'COMP-1');
INSERT INTO FP_ACCOUNTS (ACCOUNT_CODE, ACCOUNT_NAME, ACCOUNT_TYPE, COMPANY_CODE) VALUES ('6020', 'COGS - Direct Labor',      'cogs',    'COMP-1');
INSERT INTO FP_ACCOUNTS (ACCOUNT_CODE, ACCOUNT_NAME, ACCOUNT_TYPE, COMPANY_CODE) VALUES ('6030', 'COGS - Overhead Applied',  'cogs',    'COMP-1');
-- Payroll accounts
INSERT INTO FP_ACCOUNTS (ACCOUNT_CODE, ACCOUNT_NAME, ACCOUNT_TYPE, COMPANY_CODE) VALUES ('7000', 'Salaries & Wages',           'expense', 'COMP-1');
INSERT INTO FP_ACCOUNTS (ACCOUNT_CODE, ACCOUNT_NAME, ACCOUNT_TYPE, COMPANY_CODE) VALUES ('7010', 'Payroll Taxes & Benefits',   'expense', 'COMP-1');
INSERT INTO FP_ACCOUNTS (ACCOUNT_CODE, ACCOUNT_NAME, ACCOUNT_TYPE, COMPANY_CODE) VALUES ('7020', 'Management Salaries',         'expense', 'COMP-1');

-- Same accounts for company 2
INSERT INTO FP_ACCOUNTS (ACCOUNT_CODE, ACCOUNT_NAME, ACCOUNT_TYPE, COMPANY_CODE) VALUES ('4000', 'Sales Revenue - Bottled Drinks',  'revenue', 'COMP-2');
INSERT INTO FP_ACCOUNTS (ACCOUNT_CODE, ACCOUNT_NAME, ACCOUNT_TYPE, COMPANY_CODE) VALUES ('5000', 'Raw Ingredients Cost',            'expense', 'COMP-2');
INSERT INTO FP_ACCOUNTS (ACCOUNT_CODE, ACCOUNT_NAME, ACCOUNT_TYPE, COMPANY_CODE) VALUES ('6000', 'Cost of Goods Sold',              'cogs',    'COMP-2');
INSERT INTO FP_ACCOUNTS (ACCOUNT_CODE, ACCOUNT_NAME, ACCOUNT_TYPE, COMPANY_CODE) VALUES ('7000', 'Salaries & Wages',                'expense', 'COMP-2');

INSERT INTO FP_ACCOUNTS (ACCOUNT_CODE, ACCOUNT_NAME, ACCOUNT_TYPE, COMPANY_CODE) VALUES ('4000', 'Sales Revenue - Snacks',         'revenue', 'COMP-3');
INSERT INTO FP_ACCOUNTS (ACCOUNT_CODE, ACCOUNT_NAME, ACCOUNT_TYPE, COMPANY_CODE) VALUES ('5000', 'Raw Materials Cost',              'expense', 'COMP-3');
INSERT INTO FP_ACCOUNTS (ACCOUNT_CODE, ACCOUNT_NAME, ACCOUNT_TYPE, COMPANY_CODE) VALUES ('6000', 'Cost of Goods Sold',              'cogs',    'COMP-3');
INSERT INTO FP_ACCOUNTS (ACCOUNT_CODE, ACCOUNT_NAME, ACCOUNT_TYPE, COMPANY_CODE) VALUES ('7000', 'Salaries & Payroll',              'expense', 'COMP-3');

INSERT INTO FP_ACCOUNTS (ACCOUNT_CODE, ACCOUNT_NAME, ACCOUNT_TYPE, COMPANY_CODE) VALUES ('4000', 'Sales Revenue - Fresh Produce',  'revenue', 'COMP-4');
INSERT INTO FP_ACCOUNTS (ACCOUNT_CODE, ACCOUNT_NAME, ACCOUNT_TYPE, COMPANY_CODE) VALUES ('5000', 'Procurement Cost',               'expense', 'COMP-4');
INSERT INTO FP_ACCOUNTS (ACCOUNT_CODE, ACCOUNT_NAME, ACCOUNT_TYPE, COMPANY_CODE) VALUES ('6000', 'Cost of Sales',                  'cogs',    'COMP-4');
INSERT INTO FP_ACCOUNTS (ACCOUNT_CODE, ACCOUNT_NAME, ACCOUNT_TYPE, COMPANY_CODE) VALUES ('7000', 'Staff Salaries',                  'expense', 'COMP-4');

INSERT INTO FP_ACCOUNTS (ACCOUNT_CODE, ACCOUNT_NAME, ACCOUNT_TYPE, COMPANY_CODE) VALUES ('4000', 'Sales Revenue - Spices',         'revenue', 'COMP-5');
INSERT INTO FP_ACCOUNTS (ACCOUNT_CODE, ACCOUNT_NAME, ACCOUNT_TYPE, COMPANY_CODE) VALUES ('5000', 'Raw Material Cost',               'expense', 'COMP-5');
INSERT INTO FP_ACCOUNTS (ACCOUNT_CODE, ACCOUNT_NAME, ACCOUNT_TYPE, COMPANY_CODE) VALUES ('6000', 'Cost of Goods Sold',              'cogs',    'COMP-5');
INSERT INTO FP_ACCOUNTS (ACCOUNT_CODE, ACCOUNT_NAME, ACCOUNT_TYPE, COMPANY_CODE) VALUES ('7000', 'Salaries Expense',                'expense', 'COMP-5');

INSERT INTO FP_ACCOUNTS (ACCOUNT_CODE, ACCOUNT_NAME, ACCOUNT_TYPE, COMPANY_CODE) VALUES ('4000', 'Sales Revenue - Dairy',          'revenue', 'COMP-6');
INSERT INTO FP_ACCOUNTS (ACCOUNT_CODE, ACCOUNT_NAME, ACCOUNT_TYPE, COMPANY_CODE) VALUES ('5000', 'Raw Milk & Ingredients Cost',    'expense', 'COMP-6');
INSERT INTO FP_ACCOUNTS (ACCOUNT_CODE, ACCOUNT_NAME, ACCOUNT_TYPE, COMPANY_CODE) VALUES ('6000', 'Cost of Goods Sold',              'cogs',    'COMP-6');
INSERT INTO FP_ACCOUNTS (ACCOUNT_CODE, ACCOUNT_NAME, ACCOUNT_TYPE, COMPANY_CODE) VALUES ('7000', 'Salaries & Wages',                'expense', 'COMP-6');

-- ============================================================
-- 3. FP_SITES
-- ============================================================
CREATE TABLE FP_SITES (
  SITE_CODE   VARCHAR2(30) NOT NULL,
  SITE_NAME   VARCHAR2(200) NOT NULL,
  SITE_TYPE   VARCHAR2(30),
  REGION      VARCHAR2(100),
  COMPANY_CODE VARCHAR2(30) NOT NULL,
  CONSTRAINT PK_FP_SITES PRIMARY KEY (SITE_CODE, COMPANY_CODE)
);

INSERT INTO FP_SITES (SITE_CODE, SITE_NAME, SITE_TYPE, REGION, COMPANY_CODE) VALUES ('CAIRO-PLANT', 'Cairo Manufacturing Plant', 'production', 'Cairo',          'COMP-1');
INSERT INTO FP_SITES (SITE_CODE, SITE_NAME, SITE_TYPE, REGION, COMPANY_CODE) VALUES ('ALEX-WHSE',   'Alexandria Warehouse',       'warehouse',  'Alexandria',     'COMP-1');
INSERT INTO FP_SITES (SITE_CODE, SITE_NAME, SITE_TYPE, REGION, COMPANY_CODE) VALUES ('GIZA-DC',     'Giza Distribution Center',   'distribution','Giza',           'COMP-1');

INSERT INTO FP_SITES (SITE_CODE, SITE_NAME, SITE_TYPE, REGION, COMPANY_CODE) VALUES ('DELTA-PLANT', 'Delta Main Plant',           'production', 'Delta Region',   'COMP-2');
INSERT INTO FP_SITES (SITE_CODE, SITE_NAME, SITE_TYPE, REGION, COMPANY_CODE) VALUES ('MANSOURA-DC', 'Mansoura DC',                'distribution','Mansoura',       'COMP-2');

INSERT INTO FP_SITES (SITE_CODE, SITE_NAME, SITE_TYPE, REGION, COMPANY_CODE) VALUES ('NILE-PLANT',  'Nile Valley Factory',         'production', 'Minya',          'COMP-3');
INSERT INTO FP_SITES (SITE_CODE, SITE_NAME, SITE_TYPE, REGION, COMPANY_CODE) VALUES ('ASWAN-DC',    'Aswan Distribution Center',   'distribution','Aswan',          'COMP-3');

INSERT INTO FP_SITES (SITE_CODE, SITE_NAME, SITE_TYPE, REGION, COMPANY_CODE) VALUES ('CAIRO-PACK',  'Cairo Packing Hub',           'production', 'Cairo',          'COMP-4');
INSERT INTO FP_SITES (SITE_CODE, SITE_NAME, SITE_TYPE, REGION, COMPANY_CODE) VALUES ('SHARQIA-FARM','Sharqia Farm',                'warehouse',  'Sharqia',        'COMP-4');

INSERT INTO FP_SITES (SITE_CODE, SITE_NAME, SITE_TYPE, REGION, COMPANY_CODE) VALUES ('ALEX-MILL',   'Alexandria Spice Mill',       'production', 'Alexandria',     'COMP-5');
INSERT INTO FP_SITES (SITE_CODE, SITE_NAME, SITE_TYPE, REGION, COMPANY_CODE) VALUES ('TANTA-DC',    'Tanta DC',                    'distribution','Gharbia',        'COMP-5');

INSERT INTO FP_SITES (SITE_CODE, SITE_NAME, SITE_TYPE, REGION, COMPANY_CODE) VALUES ('DAIRY-PLANT', 'Sahara Dairy Plant',          'production', 'Fayoum',         'COMP-6');
INSERT INTO FP_SITES (SITE_CODE, SITE_NAME, SITE_TYPE, REGION, COMPANY_CODE) VALUES ('CAIRO-COLD',  'Cairo Cold Storage',          'warehouse',  'Cairo',          'COMP-6');

-- ============================================================
-- 4. FP_CUSTOMERS
-- ============================================================
CREATE TABLE FP_CUSTOMERS (
  CUSTOMER_CODE VARCHAR2(30) NOT NULL,
  CUSTOMER_NAME VARCHAR2(200) NOT NULL,
  CUSTOMER_TYPE VARCHAR2(30),
  REGION        VARCHAR2(100),
  COMPANY_CODE  VARCHAR2(30) NOT NULL,
  CONSTRAINT PK_FP_CUSTOMERS PRIMARY KEY (CUSTOMER_CODE, COMPANY_CODE)
);

INSERT INTO FP_CUSTOMERS (CUSTOMER_CODE, CUSTOMER_NAME, CUSTOMER_TYPE, REGION, COMPANY_CODE) VALUES ('CUST-001', 'Cairo Hypermarket Co.',    'retailer',  'Cairo',      'COMP-1');
INSERT INTO FP_CUSTOMERS (CUSTOMER_CODE, CUSTOMER_NAME, CUSTOMER_TYPE, REGION, COMPANY_CODE) VALUES ('CUST-002', 'Alexandria Wholesale Ltd.', 'wholesaler','Alexandria', 'COMP-1');
INSERT INTO FP_CUSTOMERS (CUSTOMER_CODE, CUSTOMER_NAME, CUSTOMER_TYPE, REGION, COMPANY_CODE) VALUES ('CUST-003', 'Giza Chain Stores',        'retailer',  'Giza',       'COMP-1');

INSERT INTO FP_CUSTOMERS (CUSTOMER_CODE, CUSTOMER_NAME, CUSTOMER_TYPE, REGION, COMPANY_CODE) VALUES ('CUST-001', 'Delta Beverage Distributor','wholesaler','Mansoura',   'COMP-2');
INSERT INTO FP_CUSTOMERS (CUSTOMER_CODE, CUSTOMER_NAME, CUSTOMER_TYPE, REGION, COMPANY_CODE) VALUES ('CUST-002', 'Port Said Retail Group',   'retailer',  'Port Said',  'COMP-2');

INSERT INTO FP_CUSTOMERS (CUSTOMER_CODE, CUSTOMER_NAME, CUSTOMER_TYPE, REGION, COMPANY_CODE) VALUES ('CUST-001', 'Minya Wholesale Market',   'wholesaler','Minya',      'COMP-3');
INSERT INTO FP_CUSTOMERS (CUSTOMER_CODE, CUSTOMER_NAME, CUSTOMER_TYPE, REGION, COMPANY_CODE) VALUES ('CUST-002', 'Luxor Corner Shops',       'retailer',  'Luxor',      'COMP-3');

INSERT INTO FP_CUSTOMERS (CUSTOMER_CODE, CUSTOMER_NAME, CUSTOMER_TYPE, REGION, COMPANY_CODE) VALUES ('CUST-001', 'Fresh Direct Cairo',       'retailer',  'Cairo',      'COMP-4');
INSERT INTO FP_CUSTOMERS (CUSTOMER_CODE, CUSTOMER_NAME, CUSTOMER_TYPE, REGION, COMPANY_CODE) VALUES ('CUST-002', 'Suez Canal Trading Co.',   'wholesaler','Suez',       'COMP-4');

INSERT INTO FP_CUSTOMERS (CUSTOMER_CODE, CUSTOMER_NAME, CUSTOMER_TYPE, REGION, COMPANY_CODE) VALUES ('CUST-001', 'Spice Bazaar Inc.',        'wholesaler','Alexandria', 'COMP-5');
INSERT INTO FP_CUSTOMERS (CUSTOMER_CODE, CUSTOMER_NAME, CUSTOMER_TYPE, REGION, COMPANY_CODE) VALUES ('CUST-002', 'Cairo Gourmet Market',     'retailer',  'Cairo',      'COMP-5');

INSERT INTO FP_CUSTOMERS (CUSTOMER_CODE, CUSTOMER_NAME, CUSTOMER_TYPE, REGION, COMPANY_CODE) VALUES ('CUST-001', 'Fayoum Dairy Distributor', 'wholesaler','Fayoum',     'COMP-6');
INSERT INTO FP_CUSTOMERS (CUSTOMER_CODE, CUSTOMER_NAME, CUSTOMER_TYPE, REGION, COMPANY_CODE) VALUES ('CUST-002', 'Cairo Supermarket Chain',  'retailer',  'Cairo',      'COMP-6');

-- ============================================================
-- 5. FP_PRODUCTS
-- ============================================================
CREATE TABLE FP_PRODUCTS (
  PRODUCT_CODE  VARCHAR2(30) NOT NULL,
  PRODUCT_NAME  VARCHAR2(200) NOT NULL,
  CATEGORY      VARCHAR2(100),
  UNIT          VARCHAR2(30),
  SALE_PRICE    NUMBER(12,2),
  STANDARD_COST NUMBER(12,2),
  COMPANY_CODE  VARCHAR2(30) NOT NULL,
  CONSTRAINT PK_FP_PRODUCTS PRIMARY KEY (PRODUCT_CODE, COMPANY_CODE)
);

INSERT INTO FP_PRODUCTS (PRODUCT_CODE, PRODUCT_NAME, CATEGORY, UNIT, SALE_PRICE, STANDARD_COST, COMPANY_CODE) VALUES ('P001', 'Wheat Flour 1kg',       'Flour',      'KG',  12.50,  8.20,  'COMP-1');
INSERT INTO FP_PRODUCTS (PRODUCT_CODE, PRODUCT_NAME, CATEGORY, UNIT, SALE_PRICE, STANDARD_COST, COMPANY_CODE) VALUES ('P002', 'Corn Oil 1L',          'Oils',       'LTR', 28.00, 18.50,  'COMP-1');
INSERT INTO FP_PRODUCTS (PRODUCT_CODE, PRODUCT_NAME, CATEGORY, UNIT, SALE_PRICE, STANDARD_COST, COMPANY_CODE) VALUES ('P003', 'Pasta 500g',           'Pasta',      'PCS', 15.00,  9.75,  'COMP-1');
INSERT INTO FP_PRODUCTS (PRODUCT_CODE, PRODUCT_NAME, CATEGORY, UNIT, SALE_PRICE, STANDARD_COST, COMPANY_CODE) VALUES ('P004', 'Tomato Sauce 400g',    'Sauces',     'PCS', 18.00, 11.30,  'COMP-1');

INSERT INTO FP_PRODUCTS (PRODUCT_CODE, PRODUCT_NAME, CATEGORY, UNIT, SALE_PRICE, STANDARD_COST, COMPANY_CODE) VALUES ('P001', 'Cola Drink 330ml',     'Carbonated', 'PCS', 5.00,   2.80,  'COMP-2');
INSERT INTO FP_PRODUCTS (PRODUCT_CODE, PRODUCT_NAME, CATEGORY, UNIT, SALE_PRICE, STANDARD_COST, COMPANY_CODE) VALUES ('P002', 'Orange Juice 1L',     'Juice',     'LTR', 18.00, 11.00,  'COMP-2');
INSERT INTO FP_PRODUCTS (PRODUCT_CODE, PRODUCT_NAME, CATEGORY, UNIT, SALE_PRICE, STANDARD_COST, COMPANY_CODE) VALUES ('P003', 'Lemonade 500ml',      'Juice',     'PCS', 10.00,  6.50,  'COMP-2');

INSERT INTO FP_PRODUCTS (PRODUCT_CODE, PRODUCT_NAME, CATEGORY, UNIT, SALE_PRICE, STANDARD_COST, COMPANY_CODE) VALUES ('P001', 'Potato Chips 50g',    'Snacks',    'PCS', 7.50,   4.20,  'COMP-3');
INSERT INTO FP_PRODUCTS (PRODUCT_CODE, PRODUCT_NAME, CATEGORY, UNIT, SALE_PRICE, STANDARD_COST, COMPANY_CODE) VALUES ('P002', 'Corn Chips 100g',     'Snacks',    'PCS', 12.00,  7.00,  'COMP-3');
INSERT INTO FP_PRODUCTS (PRODUCT_CODE, PRODUCT_NAME, CATEGORY, UNIT, SALE_PRICE, STANDARD_COST, COMPANY_CODE) VALUES ('P003', 'Mixed Nuts 200g',     'Nuts',      'PCS', 35.00, 22.50,  'COMP-3');

INSERT INTO FP_PRODUCTS (PRODUCT_CODE, PRODUCT_NAME, CATEGORY, UNIT, SALE_PRICE, STANDARD_COST, COMPANY_CODE) VALUES ('P001', 'Organic Tomatoes 1kg','Vegetables','KG',  15.00, 10.50,  'COMP-4');
INSERT INTO FP_PRODUCTS (PRODUCT_CODE, PRODUCT_NAME, CATEGORY, UNIT, SALE_PRICE, STANDARD_COST, COMPANY_CODE) VALUES ('P002', 'Fresh Strawberries 500g','Fruits', 'PCS', 25.00, 16.00,  'COMP-4');
INSERT INTO FP_PRODUCTS (PRODUCT_CODE, PRODUCT_NAME, CATEGORY, UNIT, SALE_PRICE, STANDARD_COST, COMPANY_CODE) VALUES ('P003', 'Green Salad Mix 400g','Vegetables','PCS', 20.00, 13.00,  'COMP-4');

INSERT INTO FP_PRODUCTS (PRODUCT_CODE, PRODUCT_NAME, CATEGORY, UNIT, SALE_PRICE, STANDARD_COST, COMPANY_CODE) VALUES ('P001', 'Cumin Powder 100g',   'Spices',    'PCS', 18.00, 11.00,  'COMP-5');
INSERT INTO FP_PRODUCTS (PRODUCT_CODE, PRODUCT_NAME, CATEGORY, UNIT, SALE_PRICE, STANDARD_COST, COMPANY_CODE) VALUES ('P002', 'Turmeric 100g',       'Spices',    'PCS', 22.00, 14.50,  'COMP-5');
INSERT INTO FP_PRODUCTS (PRODUCT_CODE, PRODUCT_NAME, CATEGORY, UNIT, SALE_PRICE, STANDARD_COST, COMPANY_CODE) VALUES ('P003', 'Paprika 100g',        'Spices',    'PCS', 28.00, 18.00,  'COMP-5');

INSERT INTO FP_PRODUCTS (PRODUCT_CODE, PRODUCT_NAME, CATEGORY, UNIT, SALE_PRICE, STANDARD_COST, COMPANY_CODE) VALUES ('P001', 'Whole Milk 1L',       'Dairy',     'LTR', 22.00, 14.20,  'COMP-6');
INSERT INTO FP_PRODUCTS (PRODUCT_CODE, PRODUCT_NAME, CATEGORY, UNIT, SALE_PRICE, STANDARD_COST, COMPANY_CODE) VALUES ('P002', 'Yogurt 500g',         'Dairy',     'PCS', 15.00,  9.50,  'COMP-6');
INSERT INTO FP_PRODUCTS (PRODUCT_CODE, PRODUCT_NAME, CATEGORY, UNIT, SALE_PRICE, STANDARD_COST, COMPANY_CODE) VALUES ('P003', 'Cheese Block 1kg',    'Dairy',     'KG',  65.00, 42.00,  'COMP-6');

-- ============================================================
-- 6. FP_MATERIALS
-- ============================================================
CREATE TABLE FP_MATERIALS (
  MATERIAL_CODE  VARCHAR2(30) NOT NULL,
  MATERIAL_NAME  VARCHAR2(200) NOT NULL,
  UNIT           VARCHAR2(30),
  PURCHASE_PRICE NUMBER(12,2),
  SUPPLIER_CODE  VARCHAR2(30),
  COMPANY_CODE   VARCHAR2(30) NOT NULL,
  CONSTRAINT PK_FP_MATERIALS PRIMARY KEY (MATERIAL_CODE, COMPANY_CODE)
);

INSERT INTO FP_MATERIALS (MATERIAL_CODE, MATERIAL_NAME, UNIT, PURCHASE_PRICE, SUPPLIER_CODE, COMPANY_CODE) VALUES ('M001', 'Wheat Grain',       'KG',  4.50, 'SUPP-001', 'COMP-1');
INSERT INTO FP_MATERIALS (MATERIAL_CODE, MATERIAL_NAME, UNIT, PURCHASE_PRICE, SUPPLIER_CODE, COMPANY_CODE) VALUES ('M002', 'Corn Seeds',        'KG',  3.20, 'SUPP-002', 'COMP-1');
INSERT INTO FP_MATERIALS (MATERIAL_CODE, MATERIAL_NAME, UNIT, PURCHASE_PRICE, SUPPLIER_CODE, COMPANY_CODE) VALUES ('M003', 'Flour Packaging Bag','PCS', 0.80, 'SUPP-003', 'COMP-1');

INSERT INTO FP_MATERIALS (MATERIAL_CODE, MATERIAL_NAME, UNIT, PURCHASE_PRICE, SUPPLIER_CODE, COMPANY_CODE) VALUES ('M001', 'Sugar Syrup',       'KG',  2.10, 'SUPP-001', 'COMP-2');
INSERT INTO FP_MATERIALS (MATERIAL_CODE, MATERIAL_NAME, UNIT, PURCHASE_PRICE, SUPPLIER_CODE, COMPANY_CODE) VALUES ('M002', 'CO2 Gas',           'KG',  1.50, 'SUPP-002', 'COMP-2');

INSERT INTO FP_MATERIALS (MATERIAL_CODE, MATERIAL_NAME, UNIT, PURCHASE_PRICE, SUPPLIER_CODE, COMPANY_CODE) VALUES ('M001', 'Potatoes',          'KG',  2.80, 'SUPP-001', 'COMP-3');
INSERT INTO FP_MATERIALS (MATERIAL_CODE, MATERIAL_NAME, UNIT, PURCHASE_PRICE, SUPPLIER_CODE, COMPANY_CODE) VALUES ('M002', 'Corn Grain',        'KG',  3.00, 'SUPP-002', 'COMP-3');
INSERT INTO FP_MATERIALS (MATERIAL_CODE, MATERIAL_NAME, UNIT, PURCHASE_PRICE, SUPPLIER_CODE, COMPANY_CODE) VALUES ('M003', 'Palm Oil',          'LTR', 5.50, 'SUPP-003', 'COMP-3');

INSERT INTO FP_MATERIALS (MATERIAL_CODE, MATERIAL_NAME, UNIT, PURCHASE_PRICE, SUPPLIER_CODE, COMPANY_CODE) VALUES ('M001', 'Tomato Seeds',      'KG',  8.00, 'SUPP-001', 'COMP-4');
INSERT INTO FP_MATERIALS (MATERIAL_CODE, MATERIAL_NAME, UNIT, PURCHASE_PRICE, SUPPLIER_CODE, COMPANY_CODE) VALUES ('M002', 'Strawberry Seedlings','PCS', 1.20, 'SUPP-002', 'COMP-4');

INSERT INTO FP_MATERIALS (MATERIAL_CODE, MATERIAL_NAME, UNIT, PURCHASE_PRICE, SUPPLIER_CODE, COMPANY_CODE) VALUES ('M001', 'Cumin Seeds',       'KG',  12.00,'SUPP-001', 'COMP-5');
INSERT INTO FP_MATERIALS (MATERIAL_CODE, MATERIAL_NAME, UNIT, PURCHASE_PRICE, SUPPLIER_CODE, COMPANY_CODE) VALUES ('M002', 'Turmeric Root',     'KG',  15.00,'SUPP-001', 'COMP-5');

INSERT INTO FP_MATERIALS (MATERIAL_CODE, MATERIAL_NAME, UNIT, PURCHASE_PRICE, SUPPLIER_CODE, COMPANY_CODE) VALUES ('M001', 'Raw Milk',          'LTR', 8.00, 'SUPP-001', 'COMP-6');
INSERT INTO FP_MATERIALS (MATERIAL_CODE, MATERIAL_NAME, UNIT, PURCHASE_PRICE, SUPPLIER_CODE, COMPANY_CODE) VALUES ('M002', 'Rennet Enzyme',     'KG',  45.00,'SUPP-002', 'COMP-6');
INSERT INTO FP_MATERIALS (MATERIAL_CODE, MATERIAL_NAME, UNIT, PURCHASE_PRICE, SUPPLIER_CODE, COMPANY_CODE) VALUES ('M003', 'Starter Culture',   'KG',  60.00,'SUPP-002', 'COMP-6');

-- ============================================================
-- 7. FP_COST_CENTERS
-- ============================================================
CREATE TABLE FP_COST_CENTERS (
  COST_CENTER_CODE VARCHAR2(30) NOT NULL,
  COST_CENTER_NAME VARCHAR2(200) NOT NULL,
  COST_CENTER_TYPE VARCHAR2(30),
  COMPANY_CODE     VARCHAR2(30) NOT NULL,
  CONSTRAINT PK_FP_COST_CENTERS PRIMARY KEY (COST_CENTER_CODE, COMPANY_CODE)
);

INSERT INTO FP_COST_CENTERS (COST_CENTER_CODE, COST_CENTER_NAME, COST_CENTER_TYPE, COMPANY_CODE) VALUES ('CC-PROD', 'Production Department', 'production', 'COMP-1');
INSERT INTO FP_COST_CENTERS (COST_CENTER_CODE, COST_CENTER_NAME, COST_CENTER_TYPE, COMPANY_CODE) VALUES ('CC-SALES', 'Sales & Marketing',     'sales',      'COMP-1');
INSERT INTO FP_COST_CENTERS (COST_CENTER_CODE, COST_CENTER_NAME, COST_CENTER_TYPE, COMPANY_CODE) VALUES ('CC-ADMIN', 'Administration',        'admin',      'COMP-1');
INSERT INTO FP_COST_CENTERS (COST_CENTER_CODE, COST_CENTER_NAME, COST_CENTER_TYPE, COMPANY_CODE) VALUES ('CC-LOG',   'Logistics & Transport', 'logistics',  'COMP-1');

INSERT INTO FP_COST_CENTERS (COST_CENTER_CODE, COST_CENTER_NAME, COST_CENTER_TYPE, COMPANY_CODE) VALUES ('CC-PROD', 'Bottling Line',       'production', 'COMP-2');
INSERT INTO FP_COST_CENTERS (COST_CENTER_CODE, COST_CENTER_NAME, COST_CENTER_TYPE, COMPANY_CODE) VALUES ('CC-SALES', 'Sales Distribution',  'sales',      'COMP-2');

INSERT INTO FP_COST_CENTERS (COST_CENTER_CODE, COST_CENTER_NAME, COST_CENTER_TYPE, COMPANY_CODE) VALUES ('CC-PROD', 'Frying & Packing',    'production', 'COMP-3');
INSERT INTO FP_COST_CENTERS (COST_CENTER_CODE, COST_CENTER_NAME, COST_CENTER_TYPE, COMPANY_CODE) VALUES ('CC-SALES', 'Snack Sales Team',    'sales',      'COMP-3');

INSERT INTO FP_COST_CENTERS (COST_CENTER_CODE, COST_CENTER_NAME, COST_CENTER_TYPE, COMPANY_CODE) VALUES ('CC-PROD', 'Packing & Grading',   'production', 'COMP-4');
INSERT INTO FP_COST_CENTERS (COST_CENTER_CODE, COST_CENTER_NAME, COST_CENTER_TYPE, COMPANY_CODE) VALUES ('CC-LOG',   'Cold Chain Logistics','logistics',  'COMP-4');

INSERT INTO FP_COST_CENTERS (COST_CENTER_CODE, COST_CENTER_NAME, COST_CENTER_TYPE, COMPANY_CODE) VALUES ('CC-PROD', 'Grinding & Blending', 'production', 'COMP-5');
INSERT INTO FP_COST_CENTERS (COST_CENTER_CODE, COST_CENTER_NAME, COST_CENTER_TYPE, COMPANY_CODE) VALUES ('CC-SALES', 'Spice Sales Team',    'sales',      'COMP-5');

INSERT INTO FP_COST_CENTERS (COST_CENTER_CODE, COST_CENTER_NAME, COST_CENTER_TYPE, COMPANY_CODE) VALUES ('CC-PROD', 'Pasteurization Unit', 'production', 'COMP-6');
INSERT INTO FP_COST_CENTERS (COST_CENTER_CODE, COST_CENTER_NAME, COST_CENTER_TYPE, COMPANY_CODE) VALUES ('CC-LOG',   'Refrigerated Logistics','logistics','COMP-6');

-- ============================================================
-- 8. FP_PRODUCT_CATEGORIES
-- ============================================================
CREATE TABLE FP_PRODUCT_CATEGORIES (
  CATEGORY_CODE VARCHAR2(30) NOT NULL,
  CATEGORY_NAME VARCHAR2(200) NOT NULL,
  COMPANY_CODE  VARCHAR2(30) NOT NULL,
  CONSTRAINT PK_FP_PRODUCT_CATEGORIES PRIMARY KEY (CATEGORY_CODE, COMPANY_CODE)
);

INSERT INTO FP_PRODUCT_CATEGORIES (CATEGORY_CODE, CATEGORY_NAME, COMPANY_CODE) VALUES ('CAT-FLOUR',   'Flour & Grains',    'COMP-1');
INSERT INTO FP_PRODUCT_CATEGORIES (CATEGORY_CODE, CATEGORY_NAME, COMPANY_CODE) VALUES ('CAT-OILS',    'Oils & Fats',       'COMP-1');
INSERT INTO FP_PRODUCT_CATEGORIES (CATEGORY_CODE, CATEGORY_NAME, COMPANY_CODE) VALUES ('CAT-PASTA',   'Pasta & Noodles',   'COMP-1');
INSERT INTO FP_PRODUCT_CATEGORIES (CATEGORY_CODE, CATEGORY_NAME, COMPANY_CODE) VALUES ('CAT-SAUCE',   'Sauces & Spreads',  'COMP-1');

INSERT INTO FP_PRODUCT_CATEGORIES (CATEGORY_CODE, CATEGORY_NAME, COMPANY_CODE) VALUES ('CAT-SODA',    'Carbonated Drinks', 'COMP-2');
INSERT INTO FP_PRODUCT_CATEGORIES (CATEGORY_CODE, CATEGORY_NAME, COMPANY_CODE) VALUES ('CAT-JUICE',   'Juices & Nectars',  'COMP-2');

INSERT INTO FP_PRODUCT_CATEGORIES (CATEGORY_CODE, CATEGORY_NAME, COMPANY_CODE) VALUES ('CAT-CHIPS',   'Chips & Crisps',    'COMP-3');
INSERT INTO FP_PRODUCT_CATEGORIES (CATEGORY_CODE, CATEGORY_NAME, COMPANY_CODE) VALUES ('CAT-NUTS',    'Nuts & Seeds',      'COMP-3');

INSERT INTO FP_PRODUCT_CATEGORIES (CATEGORY_CODE, CATEGORY_NAME, COMPANY_CODE) VALUES ('CAT-VEG',     'Vegetables',        'COMP-4');
INSERT INTO FP_PRODUCT_CATEGORIES (CATEGORY_CODE, CATEGORY_NAME, COMPANY_CODE) VALUES ('CAT-FRUIT',   'Fruits',            'COMP-4');

INSERT INTO FP_PRODUCT_CATEGORIES (CATEGORY_CODE, CATEGORY_NAME, COMPANY_CODE) VALUES ('CAT-SPICE',   'Spices & Herbs',    'COMP-5');

INSERT INTO FP_PRODUCT_CATEGORIES (CATEGORY_CODE, CATEGORY_NAME, COMPANY_CODE) VALUES ('CAT-MILK',    'Milk & Cream',      'COMP-6');
INSERT INTO FP_PRODUCT_CATEGORIES (CATEGORY_CODE, CATEGORY_NAME, COMPANY_CODE) VALUES ('CAT-YOG',     'Yogurt & Laban',    'COMP-6');
INSERT INTO FP_PRODUCT_CATEGORIES (CATEGORY_CODE, CATEGORY_NAME, COMPANY_CODE) VALUES ('CAT-CHEESE',  'Cheese & Butter',   'COMP-6');

-- ============================================================
-- 9. FP_UNITS
-- ============================================================
CREATE TABLE FP_UNITS (
  UNIT_CODE   VARCHAR2(30) NOT NULL,
  UNIT_NAME   VARCHAR2(100) NOT NULL,
  COMPANY_CODE VARCHAR2(30) NOT NULL,
  CONSTRAINT PK_FP_UNITS PRIMARY KEY (UNIT_CODE, COMPANY_CODE)
);

INSERT INTO FP_UNITS (UNIT_CODE, UNIT_NAME, COMPANY_CODE) VALUES ('KG',  'Kilogram',  'COMP-1');
INSERT INTO FP_UNITS (UNIT_CODE, UNIT_NAME, COMPANY_CODE) VALUES ('LTR', 'Liter',     'COMP-1');
INSERT INTO FP_UNITS (UNIT_CODE, UNIT_NAME, COMPANY_CODE) VALUES ('PCS', 'Pieces',    'COMP-1');

INSERT INTO FP_UNITS (UNIT_CODE, UNIT_NAME, COMPANY_CODE) VALUES ('PCS', 'Pieces',    'COMP-2');
INSERT INTO FP_UNITS (UNIT_CODE, UNIT_NAME, COMPANY_CODE) VALUES ('LTR', 'Liter',     'COMP-2');

INSERT INTO FP_UNITS (UNIT_CODE, UNIT_NAME, COMPANY_CODE) VALUES ('PCS', 'Pieces',    'COMP-3');
INSERT INTO FP_UNITS (UNIT_CODE, UNIT_NAME, COMPANY_CODE) VALUES ('KG',  'Kilogram',  'COMP-3');

INSERT INTO FP_UNITS (UNIT_CODE, UNIT_NAME, COMPANY_CODE) VALUES ('KG',  'Kilogram',  'COMP-4');
INSERT INTO FP_UNITS (UNIT_CODE, UNIT_NAME, COMPANY_CODE) VALUES ('PCS', 'Pack',      'COMP-4');

INSERT INTO FP_UNITS (UNIT_CODE, UNIT_NAME, COMPANY_CODE) VALUES ('PCS', 'Pack',      'COMP-5');
INSERT INTO FP_UNITS (UNIT_CODE, UNIT_NAME, COMPANY_CODE) VALUES ('KG',  'Kilogram',  'COMP-5');

INSERT INTO FP_UNITS (UNIT_CODE, UNIT_NAME, COMPANY_CODE) VALUES ('LTR', 'Liter',     'COMP-6');
INSERT INTO FP_UNITS (UNIT_CODE, UNIT_NAME, COMPANY_CODE) VALUES ('PCS', 'Pieces',    'COMP-6');
INSERT INTO FP_UNITS (UNIT_CODE, UNIT_NAME, COMPANY_CODE) VALUES ('KG',  'Kilogram',  'COMP-6');

-- ============================================================
-- 10. FP_SUPPLIERS
-- ============================================================
CREATE TABLE FP_SUPPLIERS (
  SUPPLIER_CODE VARCHAR2(30) NOT NULL,
  SUPPLIER_NAME VARCHAR2(200) NOT NULL,
  SUPPLIER_PHONE VARCHAR2(30),
  SUPPLIER_EMAIL VARCHAR2(100),
  COMPANY_CODE  VARCHAR2(30) NOT NULL,
  CONSTRAINT PK_FP_SUPPLIERS PRIMARY KEY (SUPPLIER_CODE, COMPANY_CODE)
);

INSERT INTO FP_SUPPLIERS (SUPPLIER_CODE, SUPPLIER_NAME, SUPPLIER_PHONE, SUPPLIER_EMAIL, COMPANY_CODE) VALUES ('SUPP-001', 'Upper Egypt Grains Co.',     '010-1000-0001', 'info@uegrains.com',     'COMP-1');
INSERT INTO FP_SUPPLIERS (SUPPLIER_CODE, SUPPLIER_NAME, SUPPLIER_PHONE, SUPPLIER_EMAIL, COMPANY_CODE) VALUES ('SUPP-002', 'Delta Agricultural Supplies','010-1000-0002', 'orders@deltagro.com',   'COMP-1');
INSERT INTO FP_SUPPLIERS (SUPPLIER_CODE, SUPPLIER_NAME, SUPPLIER_PHONE, SUPPLIER_EMAIL, COMPANY_CODE) VALUES ('SUPP-003', 'Cairo Packaging Ltd.',       '010-1000-0003', 'sales@cairopack.com',   'COMP-1');

INSERT INTO FP_SUPPLIERS (SUPPLIER_CODE, SUPPLIER_NAME, SUPPLIER_PHONE, SUPPLIER_EMAIL, COMPANY_CODE) VALUES ('SUPP-001', 'Suez Sugar Refinery',       '010-2000-0001', 'info@suezsugar.com',    'COMP-2');
INSERT INTO FP_SUPPLIERS (SUPPLIER_CODE, SUPPLIER_NAME, SUPPLIER_PHONE, SUPPLIER_EMAIL, COMPANY_CODE) VALUES ('SUPP-002', 'Industrial Gases Egypt',     '010-2000-0002', 'orders@igegypt.com',    'COMP-2');

INSERT INTO FP_SUPPLIERS (SUPPLIER_CODE, SUPPLIER_NAME, SUPPLIER_PHONE, SUPPLIER_EMAIL, COMPANY_CODE) VALUES ('SUPP-001', 'Fayoum Potato Growers',     '010-3000-0001', 'info@fayoumpotato.com', 'COMP-3');
INSERT INTO FP_SUPPLIERS (SUPPLIER_CODE, SUPPLIER_NAME, SUPPLIER_PHONE, SUPPLIER_EMAIL, COMPANY_CODE) VALUES ('SUPP-002', 'Corn Products Egypt',       '010-3000-0002', 'sales@cornpro.com',     'COMP-3');
INSERT INTO FP_SUPPLIERS (SUPPLIER_CODE, SUPPLIER_NAME, SUPPLIER_PHONE, SUPPLIER_EMAIL, COMPANY_CODE) VALUES ('SUPP-003', 'Palm Oil Traders',          '010-3000-0003', 'info@palmoil.com',      'COMP-3');

INSERT INTO FP_SUPPLIERS (SUPPLIER_CODE, SUPPLIER_NAME, SUPPLIER_PHONE, SUPPLIER_EMAIL, COMPANY_CODE) VALUES ('SUPP-001', 'Nile Delta Seeds Co.',      '010-4000-0001', 'orders@niledelta.com',  'COMP-4');
INSERT INTO FP_SUPPLIERS (SUPPLIER_CODE, SUPPLIER_NAME, SUPPLIER_PHONE, SUPPLIER_EMAIL, COMPANY_CODE) VALUES ('SUPP-002', 'Greenhouse Supplies Ltd.',   '010-4000-0002', 'info@greenhouse.com',   'COMP-4');

INSERT INTO FP_SUPPLIERS (SUPPLIER_CODE, SUPPLIER_NAME, SUPPLIER_PHONE, SUPPLIER_EMAIL, COMPANY_CODE) VALUES ('SUPP-001', 'Spice World International', '010-5000-0001', 'imports@spiceworld.com','COMP-5');

INSERT INTO FP_SUPPLIERS (SUPPLIER_CODE, SUPPLIER_NAME, SUPPLIER_PHONE, SUPPLIER_EMAIL, COMPANY_CODE) VALUES ('SUPP-001', 'Fayoum Dairy Farms Co-op', '010-6000-0001', 'info@fayoumdfc.com',    'COMP-6');
INSERT INTO FP_SUPPLIERS (SUPPLIER_CODE, SUPPLIER_NAME, SUPPLIER_PHONE, SUPPLIER_EMAIL, COMPANY_CODE) VALUES ('SUPP-002', 'BioChem Ferments Egypt',    '010-6000-0002', 'sales@biochem-eg.com',  'COMP-6');

-- ============================================================
-- 11. FP_BOM_RECIPES
-- ============================================================
CREATE TABLE FP_BOM_RECIPES (
  RECIPE_CODE   VARCHAR2(30) NOT NULL,
  PRODUCT_CODE  VARCHAR2(30) NOT NULL,
  VERSION       VARCHAR2(30),
  OUTPUT_QTY    NUMBER(14,4),
  LABOR_COST    NUMBER(12,2),
  OVERHEAD_COST NUMBER(12,2),
  COMPANY_CODE  VARCHAR2(30) NOT NULL,
  CONSTRAINT PK_FP_BOM_RECIPES PRIMARY KEY (RECIPE_CODE, COMPANY_CODE)
);

INSERT INTO FP_BOM_RECIPES (RECIPE_CODE, PRODUCT_CODE, VERSION, OUTPUT_QTY, LABOR_COST, OVERHEAD_COST, COMPANY_CODE) VALUES ('BOM-001', 'P001', 'v1', 1000, 120.00, 80.00, 'COMP-1');
INSERT INTO FP_BOM_RECIPES (RECIPE_CODE, PRODUCT_CODE, VERSION, OUTPUT_QTY, LABOR_COST, OVERHEAD_COST, COMPANY_CODE) VALUES ('BOM-002', 'P002', 'v1', 500,  85.00,  55.00, 'COMP-1');

INSERT INTO FP_BOM_RECIPES (RECIPE_CODE, PRODUCT_CODE, VERSION, OUTPUT_QTY, LABOR_COST, OVERHEAD_COST, COMPANY_CODE) VALUES ('BOM-001', 'P001', 'v1', 2400, 200.00, 120.00, 'COMP-2');

INSERT INTO FP_BOM_RECIPES (RECIPE_CODE, PRODUCT_CODE, VERSION, OUTPUT_QTY, LABOR_COST, OVERHEAD_COST, COMPANY_CODE) VALUES ('BOM-001', 'P001', 'v1', 800,  60.00,  40.00,  'COMP-3');

INSERT INTO FP_BOM_RECIPES (RECIPE_CODE, PRODUCT_CODE, VERSION, OUTPUT_QTY, LABOR_COST, OVERHEAD_COST, COMPANY_CODE) VALUES ('BOM-001', 'P001', 'v1', 600,  45.00,  30.00,  'COMP-4');

INSERT INTO FP_BOM_RECIPES (RECIPE_CODE, PRODUCT_CODE, VERSION, OUTPUT_QTY, LABOR_COST, OVERHEAD_COST, COMPANY_CODE) VALUES ('BOM-001', 'P001', 'v1', 400,  50.00,  35.00,  'COMP-5');

INSERT INTO FP_BOM_RECIPES (RECIPE_CODE, PRODUCT_CODE, VERSION, OUTPUT_QTY, LABOR_COST, OVERHEAD_COST, COMPANY_CODE) VALUES ('BOM-001', 'P001', 'v1', 2000, 180.00, 110.00, 'COMP-6');
INSERT INTO FP_BOM_RECIPES (RECIPE_CODE, PRODUCT_CODE, VERSION, OUTPUT_QTY, LABOR_COST, OVERHEAD_COST, COMPANY_CODE) VALUES ('BOM-002', 'P002', 'v1', 1500, 130.00, 90.00,  'COMP-6');

-- ============================================================
-- 12. FP_BOM_LINES
-- ============================================================
CREATE TABLE FP_BOM_LINES (
  LINE_ID       VARCHAR2(30) NOT NULL,
  RECIPE_CODE   VARCHAR2(30) NOT NULL,
  MATERIAL_CODE VARCHAR2(30) NOT NULL,
  QTY_PER_OUTPUT NUMBER(14,6),
  UNIT_COST     NUMBER(12,4),
  COMPANY_CODE  VARCHAR2(30) NOT NULL,
  CONSTRAINT PK_FP_BOM_LINES PRIMARY KEY (LINE_ID, COMPANY_CODE)
);

INSERT INTO FP_BOM_LINES (LINE_ID, RECIPE_CODE, MATERIAL_CODE, QTY_PER_OUTPUT, UNIT_COST, COMPANY_CODE) VALUES ('BL-001', 'BOM-001', 'M001', 0.750000, 3.3750, 'COMP-1');
INSERT INTO FP_BOM_LINES (LINE_ID, RECIPE_CODE, MATERIAL_CODE, QTY_PER_OUTPUT, UNIT_COST, COMPANY_CODE) VALUES ('BL-002', 'BOM-001', 'M003', 0.010000, 0.0080, 'COMP-1');
INSERT INTO FP_BOM_LINES (LINE_ID, RECIPE_CODE, MATERIAL_CODE, QTY_PER_OUTPUT, UNIT_COST, COMPANY_CODE) VALUES ('BL-003', 'BOM-002', 'M002', 0.500000, 1.6000, 'COMP-1');

INSERT INTO FP_BOM_LINES (LINE_ID, RECIPE_CODE, MATERIAL_CODE, QTY_PER_OUTPUT, UNIT_COST, COMPANY_CODE) VALUES ('BL-001', 'BOM-001', 'M001', 0.050000, 0.1050, 'COMP-2');
INSERT INTO FP_BOM_LINES (LINE_ID, RECIPE_CODE, MATERIAL_CODE, QTY_PER_OUTPUT, UNIT_COST, COMPANY_CODE) VALUES ('BL-002', 'BOM-001', 'M002', 0.003000, 0.0045, 'COMP-2');

INSERT INTO FP_BOM_LINES (LINE_ID, RECIPE_CODE, MATERIAL_CODE, QTY_PER_OUTPUT, UNIT_COST, COMPANY_CODE) VALUES ('BL-001', 'BOM-001', 'M001', 0.400000, 1.1200, 'COMP-3');
INSERT INTO FP_BOM_LINES (LINE_ID, RECIPE_CODE, MATERIAL_CODE, QTY_PER_OUTPUT, UNIT_COST, COMPANY_CODE) VALUES ('BL-002', 'BOM-001', 'M003', 0.020000, 0.1100, 'COMP-3');

INSERT INTO FP_BOM_LINES (LINE_ID, RECIPE_CODE, MATERIAL_CODE, QTY_PER_OUTPUT, UNIT_COST, COMPANY_CODE) VALUES ('BL-001', 'BOM-001', 'M001', 0.050000, 0.4000, 'COMP-4');

INSERT INTO FP_BOM_LINES (LINE_ID, RECIPE_CODE, MATERIAL_CODE, QTY_PER_OUTPUT, UNIT_COST, COMPANY_CODE) VALUES ('BL-001', 'BOM-001', 'M001', 0.050000, 0.6000, 'COMP-5');

INSERT INTO FP_BOM_LINES (LINE_ID, RECIPE_CODE, MATERIAL_CODE, QTY_PER_OUTPUT, UNIT_COST, COMPANY_CODE) VALUES ('BL-001', 'BOM-001', 'M001', 1.000000, 8.0000, 'COMP-6');
INSERT INTO FP_BOM_LINES (LINE_ID, RECIPE_CODE, MATERIAL_CODE, QTY_PER_OUTPUT, UNIT_COST, COMPANY_CODE) VALUES ('BL-002', 'BOM-001', 'M002', 0.000500, 0.0225, 'COMP-6');
INSERT INTO FP_BOM_LINES (LINE_ID, RECIPE_CODE, MATERIAL_CODE, QTY_PER_OUTPUT, UNIT_COST, COMPANY_CODE) VALUES ('BL-003', 'BOM-001', 'M003', 0.000200, 0.0120, 'COMP-6');

-- ============================================================
-- 13. FP_GL_ACTUALS
-- ============================================================
CREATE TABLE FP_GL_ACTUALS (
  ACCOUNT_CODE     VARCHAR2(30) NOT NULL,
  SITE_CODE        VARCHAR2(30),
  PRODUCT_CODE     VARCHAR2(30),
  CUSTOMER_CODE    VARCHAR2(30),
  QUANTITY         NUMBER(14,4),
  AMOUNT           NUMBER(16,2),
  TRANSACTION_DATE DATE NOT NULL,
  REFERENCE_NO     VARCHAR2(50),
  COMPANY_CODE     VARCHAR2(30) NOT NULL
);

CREATE INDEX IDX_FP_GL_ACTUALS_COMP ON FP_GL_ACTUALS (COMPANY_CODE, TRANSACTION_DATE);

-- COMP-1 Actuals (ASAA Food Industries) - 20 rows across revenue, expense, cogs
INSERT INTO FP_GL_ACTUALS (ACCOUNT_CODE, SITE_CODE, PRODUCT_CODE, CUSTOMER_CODE, QUANTITY, AMOUNT, TRANSACTION_DATE, REFERENCE_NO, COMPANY_CODE) VALUES ('4000', 'CAIRO-PLANT', 'P001', 'CUST-001', 500,  6250.00,  DATE '2026-06-05', 'INV-001', 'COMP-1');
INSERT INTO FP_GL_ACTUALS (ACCOUNT_CODE, SITE_CODE, PRODUCT_CODE, CUSTOMER_CODE, QUANTITY, AMOUNT, TRANSACTION_DATE, REFERENCE_NO, COMPANY_CODE) VALUES ('4000', 'CAIRO-PLANT', 'P002', 'CUST-002', 200,  5600.00,  DATE '2026-06-07', 'INV-002', 'COMP-1');
INSERT INTO FP_GL_ACTUALS (ACCOUNT_CODE, SITE_CODE, PRODUCT_CODE, CUSTOMER_CODE, QUANTITY, AMOUNT, TRANSACTION_DATE, REFERENCE_NO, COMPANY_CODE) VALUES ('4000', 'GIZA-DC',     'P003', 'CUST-003', 300,  4500.00,  DATE '2026-06-10', 'INV-003', 'COMP-1');
INSERT INTO FP_GL_ACTUALS (ACCOUNT_CODE, SITE_CODE, PRODUCT_CODE, CUSTOMER_CODE, QUANTITY, AMOUNT, TRANSACTION_DATE, REFERENCE_NO, COMPANY_CODE) VALUES ('4010', 'CAIRO-PLANT', 'P004', 'CUST-001', 150,  2700.00,  DATE '2026-06-12', 'INV-004', 'COMP-1');
INSERT INTO FP_GL_ACTUALS (ACCOUNT_CODE, SITE_CODE, PRODUCT_CODE, CUSTOMER_CODE, QUANTITY, AMOUNT, TRANSACTION_DATE, REFERENCE_NO, COMPANY_CODE) VALUES ('4020', 'ALEX-WHSE',   'P001', 'CUST-002', 800, 10000.00,  DATE '2026-06-15', 'EXP-001', 'COMP-1');
INSERT INTO FP_GL_ACTUALS (ACCOUNT_CODE, SITE_CODE, PRODUCT_CODE, CUSTOMER_CODE, QUANTITY, AMOUNT, TRANSACTION_DATE, REFERENCE_NO, COMPANY_CODE) VALUES ('5000', 'CAIRO-PLANT', 'P001', NULL,       1000, 4500.00,   DATE '2026-06-02', 'PO-001',  'COMP-1');
INSERT INTO FP_GL_ACTUALS (ACCOUNT_CODE, SITE_CODE, PRODUCT_CODE, CUSTOMER_CODE, QUANTITY, AMOUNT, TRANSACTION_DATE, REFERENCE_NO, COMPANY_CODE) VALUES ('5000', 'CAIRO-PLANT', 'P002', NULL,       500,  1600.00,   DATE '2026-06-03', 'PO-002',  'COMP-1');
INSERT INTO FP_GL_ACTUALS (ACCOUNT_CODE, SITE_CODE, PRODUCT_CODE, CUSTOMER_CODE, QUANTITY, AMOUNT, TRANSACTION_DATE, REFERENCE_NO, COMPANY_CODE) VALUES ('5010', 'ALEX-WHSE',   'P003', NULL,       3000, 2400.00,   DATE '2026-06-04', 'PO-003',  'COMP-1');
INSERT INTO FP_GL_ACTUALS (ACCOUNT_CODE, SITE_CODE, PRODUCT_CODE, CUSTOMER_CODE, QUANTITY, AMOUNT, TRANSACTION_DATE, REFERENCE_NO, COMPANY_CODE) VALUES ('5020', 'CAIRO-PLANT', NULL,  NULL,       180,  4500.00,   DATE '2026-06-15', 'PAY-001', 'COMP-1');
INSERT INTO FP_GL_ACTUALS (ACCOUNT_CODE, SITE_CODE, PRODUCT_CODE, CUSTOMER_CODE, QUANTITY, AMOUNT, TRANSACTION_DATE, REFERENCE_NO, COMPANY_CODE) VALUES ('5030', 'CAIRO-PLANT', NULL,  NULL,       0,    3200.00,   DATE '2026-06-15', 'OH-001',  'COMP-1');
INSERT INTO FP_GL_ACTUALS (ACCOUNT_CODE, SITE_CODE, PRODUCT_CODE, CUSTOMER_CODE, QUANTITY, AMOUNT, TRANSACTION_DATE, REFERENCE_NO, COMPANY_CODE) VALUES ('5040', 'CAIRO-PLANT', NULL,  NULL,       0,    1800.00,   DATE '2026-06-20', 'UTIL-001','COMP-1');
INSERT INTO FP_GL_ACTUALS (ACCOUNT_CODE, SITE_CODE, PRODUCT_CODE, CUSTOMER_CODE, QUANTITY, AMOUNT, TRANSACTION_DATE, REFERENCE_NO, COMPANY_CODE) VALUES ('6000', 'CAIRO-PLANT', 'P001', NULL,       500,  4100.00,   DATE '2026-06-05', 'COGS-001','COMP-1');
INSERT INTO FP_GL_ACTUALS (ACCOUNT_CODE, SITE_CODE, PRODUCT_CODE, CUSTOMER_CODE, QUANTITY, AMOUNT, TRANSACTION_DATE, REFERENCE_NO, COMPANY_CODE) VALUES ('6010', 'CAIRO-PLANT', 'P001', NULL,       500,  3375.00,   DATE '2026-06-05', 'COGS-002','COMP-1');
INSERT INTO FP_GL_ACTUALS (ACCOUNT_CODE, SITE_CODE, PRODUCT_CODE, CUSTOMER_CODE, QUANTITY, AMOUNT, TRANSACTION_DATE, REFERENCE_NO, COMPANY_CODE) VALUES ('7000', 'CAIRO-PLANT', NULL,  NULL,       0,   15000.00,   DATE '2026-06-25', 'SAL-001', 'COMP-1');
INSERT INTO FP_GL_ACTUALS (ACCOUNT_CODE, SITE_CODE, PRODUCT_CODE, CUSTOMER_CODE, QUANTITY, AMOUNT, TRANSACTION_DATE, REFERENCE_NO, COMPANY_CODE) VALUES ('7010', 'CAIRO-PLANT', NULL,  NULL,       0,    3000.00,   DATE '2026-06-25', 'SAL-002', 'COMP-1');
INSERT INTO FP_GL_ACTUALS (ACCOUNT_CODE, SITE_CODE, PRODUCT_CODE, CUSTOMER_CODE, QUANTITY, AMOUNT, TRANSACTION_DATE, REFERENCE_NO, COMPANY_CODE) VALUES ('7000', 'ALEX-WHSE',   NULL,  NULL,       0,    8000.00,   DATE '2026-06-25', 'SAL-003', 'COMP-1');

-- COMP-2 Actuals (Delta Beverages)
INSERT INTO FP_GL_ACTUALS (ACCOUNT_CODE, SITE_CODE, PRODUCT_CODE, CUSTOMER_CODE, QUANTITY, AMOUNT, TRANSACTION_DATE, REFERENCE_NO, COMPANY_CODE) VALUES ('4000', 'DELTA-PLANT', 'P001', 'CUST-001', 5000, 25000.00, DATE '2026-06-08', 'INV-101', 'COMP-2');
INSERT INTO FP_GL_ACTUALS (ACCOUNT_CODE, SITE_CODE, PRODUCT_CODE, CUSTOMER_CODE, QUANTITY, AMOUNT, TRANSACTION_DATE, REFERENCE_NO, COMPANY_CODE) VALUES ('4000', 'MANSOURA-DC', 'P002', 'CUST-002', 1200, 21600.00, DATE '2026-06-12', 'INV-102', 'COMP-2');
INSERT INTO FP_GL_ACTUALS (ACCOUNT_CODE, SITE_CODE, PRODUCT_CODE, CUSTOMER_CODE, QUANTITY, AMOUNT, TRANSACTION_DATE, REFERENCE_NO, COMPANY_CODE) VALUES ('5000', 'DELTA-PLANT', 'P001', NULL,       600,  1260.00,  DATE '2026-06-03', 'PO-101',  'COMP-2');
INSERT INTO FP_GL_ACTUALS (ACCOUNT_CODE, SITE_CODE, PRODUCT_CODE, CUSTOMER_CODE, QUANTITY, AMOUNT, TRANSACTION_DATE, REFERENCE_NO, COMPANY_CODE) VALUES ('6000', 'DELTA-PLANT', 'P001', NULL,       5000, 14000.00, DATE '2026-06-08', 'COGS-101','COMP-2');
INSERT INTO FP_GL_ACTUALS (ACCOUNT_CODE, SITE_CODE, PRODUCT_CODE, CUSTOMER_CODE, QUANTITY, AMOUNT, TRANSACTION_DATE, REFERENCE_NO, COMPANY_CODE) VALUES ('7000', 'DELTA-PLANT', NULL,  NULL,       0,   12000.00,  DATE '2026-06-25', 'SAL-101', 'COMP-2');

-- COMP-3 Actuals (Nile Valley Snacks)
INSERT INTO FP_GL_ACTUALS (ACCOUNT_CODE, SITE_CODE, PRODUCT_CODE, CUSTOMER_CODE, QUANTITY, AMOUNT, TRANSACTION_DATE, REFERENCE_NO, COMPANY_CODE) VALUES ('4000', 'NILE-PLANT', 'P001', 'CUST-001', 2000, 15000.00, DATE '2026-06-10', 'INV-201', 'COMP-3');
INSERT INTO FP_GL_ACTUALS (ACCOUNT_CODE, SITE_CODE, PRODUCT_CODE, CUSTOMER_CODE, QUANTITY, AMOUNT, TRANSACTION_DATE, REFERENCE_NO, COMPANY_CODE) VALUES ('4000', 'ASWAN-DC',   'P002', 'CUST-002', 800,   9600.00, DATE '2026-06-14', 'INV-202', 'COMP-3');
INSERT INTO FP_GL_ACTUALS (ACCOUNT_CODE, SITE_CODE, PRODUCT_CODE, CUSTOMER_CODE, QUANTITY, AMOUNT, TRANSACTION_DATE, REFERENCE_NO, COMPANY_CODE) VALUES ('5000', 'NILE-PLANT', 'P001', NULL,       800,   2240.00, DATE '2026-06-05', 'PO-201',  'COMP-3');
INSERT INTO FP_GL_ACTUALS (ACCOUNT_CODE, SITE_CODE, PRODUCT_CODE, CUSTOMER_CODE, QUANTITY, AMOUNT, TRANSACTION_DATE, REFERENCE_NO, COMPANY_CODE) VALUES ('6000', 'NILE-PLANT', 'P001', NULL,       2000,  8400.00, DATE '2026-06-10', 'COGS-201','COMP-3');
INSERT INTO FP_GL_ACTUALS (ACCOUNT_CODE, SITE_CODE, PRODUCT_CODE, CUSTOMER_CODE, QUANTITY, AMOUNT, TRANSACTION_DATE, REFERENCE_NO, COMPANY_CODE) VALUES ('7000', 'NILE-PLANT', NULL,  NULL,       0,     9500.00, DATE '2026-06-25', 'SAL-201', 'COMP-3');

-- COMP-4 Actuals (Cairo Fresh Produce)
INSERT INTO FP_GL_ACTUALS (ACCOUNT_CODE, SITE_CODE, PRODUCT_CODE, CUSTOMER_CODE, QUANTITY, AMOUNT, TRANSACTION_DATE, REFERENCE_NO, COMPANY_CODE) VALUES ('4000', 'CAIRO-PACK', 'P001', 'CUST-001', 800,  12000.00, DATE '2026-06-09', 'INV-301', 'COMP-4');
INSERT INTO FP_GL_ACTUALS (ACCOUNT_CODE, SITE_CODE, PRODUCT_CODE, CUSTOMER_CODE, QUANTITY, AMOUNT, TRANSACTION_DATE, REFERENCE_NO, COMPANY_CODE) VALUES ('4000', 'CAIRO-PACK', 'P002', 'CUST-002', 300,   7500.00, DATE '2026-06-13', 'INV-302', 'COMP-4');
INSERT INTO FP_GL_ACTUALS (ACCOUNT_CODE, SITE_CODE, PRODUCT_CODE, CUSTOMER_CODE, QUANTITY, AMOUNT, TRANSACTION_DATE, REFERENCE_NO, COMPANY_CODE) VALUES ('5000', 'SHARQIA-FARM','P001',NULL,       1000,  8000.00, DATE '2026-06-02', 'PO-301',  'COMP-4');
INSERT INTO FP_GL_ACTUALS (ACCOUNT_CODE, SITE_CODE, PRODUCT_CODE, CUSTOMER_CODE, QUANTITY, AMOUNT, TRANSACTION_DATE, REFERENCE_NO, COMPANY_CODE) VALUES ('6000', 'CAIRO-PACK', 'P001', NULL,       800,   8400.00, DATE '2026-06-09', 'COGS-301','COMP-4');
INSERT INTO FP_GL_ACTUALS (ACCOUNT_CODE, SITE_CODE, PRODUCT_CODE, CUSTOMER_CODE, QUANTITY, AMOUNT, TRANSACTION_DATE, REFERENCE_NO, COMPANY_CODE) VALUES ('7000', 'CAIRO-PACK', NULL,  NULL,       0,     6500.00, DATE '2026-06-25', 'SAL-301', 'COMP-4');

-- COMP-5 Actuals (Alexandria Spice Mills)
INSERT INTO FP_GL_ACTUALS (ACCOUNT_CODE, SITE_CODE, PRODUCT_CODE, CUSTOMER_CODE, QUANTITY, AMOUNT, TRANSACTION_DATE, REFERENCE_NO, COMPANY_CODE) VALUES ('4000', 'ALEX-MILL', 'P001', 'CUST-001', 600,  10800.00, DATE '2026-06-11', 'INV-401', 'COMP-5');
INSERT INTO FP_GL_ACTUALS (ACCOUNT_CODE, SITE_CODE, PRODUCT_CODE, CUSTOMER_CODE, QUANTITY, AMOUNT, TRANSACTION_DATE, REFERENCE_NO, COMPANY_CODE) VALUES ('4000', 'TANTA-DC',  'P002', 'CUST-002', 400,   8800.00, DATE '2026-06-16', 'INV-402', 'COMP-5');
INSERT INTO FP_GL_ACTUALS (ACCOUNT_CODE, SITE_CODE, PRODUCT_CODE, CUSTOMER_CODE, QUANTITY, AMOUNT, TRANSACTION_DATE, REFERENCE_NO, COMPANY_CODE) VALUES ('5000', 'ALEX-MILL', 'P001', NULL,       400,   4800.00, DATE '2026-06-04', 'PO-401',  'COMP-5');
INSERT INTO FP_GL_ACTUALS (ACCOUNT_CODE, SITE_CODE, PRODUCT_CODE, CUSTOMER_CODE, QUANTITY, AMOUNT, TRANSACTION_DATE, REFERENCE_NO, COMPANY_CODE) VALUES ('6000', 'ALEX-MILL', 'P001', NULL,       600,   6600.00, DATE '2026-06-11', 'COGS-401','COMP-5');
INSERT INTO FP_GL_ACTUALS (ACCOUNT_CODE, SITE_CODE, PRODUCT_CODE, CUSTOMER_CODE, QUANTITY, AMOUNT, TRANSACTION_DATE, REFERENCE_NO, COMPANY_CODE) VALUES ('7000', 'ALEX-MILL', NULL,  NULL,       0,     7000.00, DATE '2026-06-25', 'SAL-401', 'COMP-5');

-- COMP-6 Actuals (Sahara Dairy Products)
INSERT INTO FP_GL_ACTUALS (ACCOUNT_CODE, SITE_CODE, PRODUCT_CODE, CUSTOMER_CODE, QUANTITY, AMOUNT, TRANSACTION_DATE, REFERENCE_NO, COMPANY_CODE) VALUES ('4000', 'DAIRY-PLANT', 'P001', 'CUST-001', 1500, 33000.00, DATE '2026-06-07', 'INV-501', 'COMP-6');
INSERT INTO FP_GL_ACTUALS (ACCOUNT_CODE, SITE_CODE, PRODUCT_CODE, CUSTOMER_CODE, QUANTITY, AMOUNT, TRANSACTION_DATE, REFERENCE_NO, COMPANY_CODE) VALUES ('4000', 'CAIRO-COLD',  'P002', 'CUST-002', 800,  12000.00, DATE '2026-06-14', 'INV-502', 'COMP-6');
INSERT INTO FP_GL_ACTUALS (ACCOUNT_CODE, SITE_CODE, PRODUCT_CODE, CUSTOMER_CODE, QUANTITY, AMOUNT, TRANSACTION_DATE, REFERENCE_NO, COMPANY_CODE) VALUES ('4000', 'DAIRY-PLANT', 'P003', 'CUST-001', 300,  19500.00, DATE '2026-06-18', 'INV-503', 'COMP-6');
INSERT INTO FP_GL_ACTUALS (ACCOUNT_CODE, SITE_CODE, PRODUCT_CODE, CUSTOMER_CODE, QUANTITY, AMOUNT, TRANSACTION_DATE, REFERENCE_NO, COMPANY_CODE) VALUES ('5000', 'DAIRY-PLANT', 'P001', NULL,       3000, 24000.00, DATE '2026-06-02', 'PO-501',  'COMP-6');
INSERT INTO FP_GL_ACTUALS (ACCOUNT_CODE, SITE_CODE, PRODUCT_CODE, CUSTOMER_CODE, QUANTITY, AMOUNT, TRANSACTION_DATE, REFERENCE_NO, COMPANY_CODE) VALUES ('5000', 'DAIRY-PLANT', 'P003', NULL,       500,  40000.00, DATE '2026-06-03', 'PO-502',  'COMP-6');
INSERT INTO FP_GL_ACTUALS (ACCOUNT_CODE, SITE_CODE, PRODUCT_CODE, CUSTOMER_CODE, QUANTITY, AMOUNT, TRANSACTION_DATE, REFERENCE_NO, COMPANY_CODE) VALUES ('6000', 'DAIRY-PLANT', 'P001', NULL,       1500, 21300.00, DATE '2026-06-07', 'COGS-501','COMP-6');
INSERT INTO FP_GL_ACTUALS (ACCOUNT_CODE, SITE_CODE, PRODUCT_CODE, CUSTOMER_CODE, QUANTITY, AMOUNT, TRANSACTION_DATE, REFERENCE_NO, COMPANY_CODE) VALUES ('6000', 'DAIRY-PLANT', 'P003', NULL,       300,  12600.00, DATE '2026-06-18', 'COGS-502','COMP-6');
INSERT INTO FP_GL_ACTUALS (ACCOUNT_CODE, SITE_CODE, PRODUCT_CODE, CUSTOMER_CODE, QUANTITY, AMOUNT, TRANSACTION_DATE, REFERENCE_NO, COMPANY_CODE) VALUES ('7000', 'DAIRY-PLANT', NULL,  NULL,       0,    18000.00, DATE '2026-06-25', 'SAL-501', 'COMP-6');

COMMIT;
